Datetime,Water Level (m)
2026-04-23 18:00:00,-0.046208628
2026-04-23 19:00:00,-0.18239391
2026-04-23 20:00:00,-0.27379823
2026-04-23 21:00:00,-0.26126418
2026-04-23 22:00:00,-0.14325948
2026-04-23 23:00:00,-0.009186595
2026-04-24 00:00:00,0.124664046
2026-04-24 01:00:00,0.21771702
2026-04-24 02:00:00,0.22586682
2026-04-24 03:00:00,0.14156668
2026-04-24 04:00:00,0.029103132
2026-04-24 05:00:00,-0.093968384
2026-04-24 06:00:00,-0.21790212
2026-04-24 07:00:00,-0.3253787
2026-04-24 08:00:00,-0.3717818
2026-04-24 09:00:00,-0.2874514
2026-04-24 10:00:00,-0.14456448
2026-04-24 11:00:00,0.027604261
2026-04-24 12:00:00,0.20362501
2026-04-24 13:00:00,0.36069253
2026-04-24 14:00:00,0.45456344
2026-04-24 15:00:00,0.4550283
2026-04-24 16:00:00,0.35753542
2026-04-24 17:00:00,0.22909132
2026-04-24 18:00:00,0.084318265
2026-04-24 19:00:00,-0.05983645
2026-04-24 20:00:00,-0.19158646
2026-04-24 21:00:00,-0.29736525
2026-04-24 22:00:00,-0.32843688
2026-04-24 23:00:00,-0.23864219
2026-04-25 00:00:00,-0.11422755
2026-04-25 01:00:00,0.018727252
2026-04-25 02:00:00,0.13551803
2026-04-25 03:00:00,0.19865456
2026-04-25 04:00:00,0.17936313
2026-04-25 05:00:00,0.091295175
2026-04-25 06:00:00,-0.017345048
2026-04-25 07:00:00,-0.13192095
2026-04-25 08:00:00,-0.23983203
2026-04-25 09:00:00,-0.3192581
2026-04-25 10:00:00,-0.31578052
2026-04-25 11:00:00,-0.19888112
2026-04-25 12:00:00,-0.055125594
2026-04-25 13:00:00,0.11426789
2026-04-25 14:00:00,0.27655485
2026-04-25 15:00:00,0.39869806
2026-04-25 16:00:00,0.4473519
2026-04-25 17:00:00,0.38889983
2026-04-25 18:00:00,0.26864448
2026-04-25 19:00:00,0.12880848
2026-04-25 20:00:00,-0.016088508
2026-04-25 21:00:00,-0.15250307
2026-04-25 22:00:00,-0.26569602
2026-04-25 23:00:00,-0.324169
2026-04-26 00:00:00,-0.25882924
2026-04-26 01:00:00,-0.122391194
2026-04-26 02:00:00,0.028104488
2026-04-26 03:00:00,0.17917293
2026-04-26 04:00:00,0.294732
2026-04-26 05:00:00,0.3509423
2026-04-26 06:00:00,0.30351248
2026-04-26 07:00:00,0.19490185
2026-04-26 08:00:00,0.06876281
2026-04-26 09:00:00,-0.058642905
2026-04-26 10:00:00,-0.17363548
2026-04-26 11:00:00,-0.23062116
2026-04-26 12:00:00,-0.15270323
2026-04-26 13:00:00,-0.011679518
2026-04-26 14:00:00,0.15763251
2026-04-26 15:00:00,0.3284552
2026-04-26 16:00:00,0.47374743
2026-04-26 17:00:00,0.55540055
2026-04-26 18:00:00,0.5327311
2026-04-26 19:00:00,0.41744593
2026-04-26 20:00:00,0.27871796
2026-04-26 21:00:00,0.12506512
2026-04-26 22:00:00,-0.025779437
2026-04-26 23:00:00,-0.15665138
2026-04-27 00:00:00,-0.23407069
2026-04-27 01:00:00,-0.15889041
2026-04-27 02:00:00,0.0017501635
2026-04-27 03:00:00,0.18335997
2026-04-27 04:00:00,0.36294082
2026-04-27 05:00:00,0.53272176
2026-04-27 06:00:00,0.61306095
2026-04-27 07:00:00,0.57927054
2026-04-27 08:00:00,0.45754367
2026-04-27 09:00:00,0.3173506
2026-04-27 10:00:00,0.16640937
2026-04-27 11:00:00,0.025714764
2026-04-27 12:00:00,-0.067692466
2026-04-27 13:00:00,-0.027354818
2026-04-27 14:00:00,0.12560438
2026-04-27 15:00:00,0.3071262
2026-04-27 16:00:00,0.5072057
2026-04-27 17:00:00,0.6891069
2026-04-27 18:00:00,0.7805629
2026-04-27 19:00:00,0.72086704
2026-04-27 20:00:00,0.584936
2026-04-27 21:00:00,0.42437246
2026-04-27 22:00:00,0.25182658
2026-04-27 23:00:00,0.08517201
2026-04-28 00:00:00,-0.051932167
2026-04-28 01:00:00,-0.12674075
2026-04-28 02:00:00,-0.024618948
2026-04-28 03:00:00,0.16312993
2026-04-28 04:00:00,0.37000546
2026-04-28 05:00:00,0.5909552
2026-04-28 06:00:00,0.7685168
2026-04-28 07:00:00,0.8301235
2026-04-28 08:00:00,0.7240187
2026-04-28 09:00:00,0.5750792
2026-04-28 10:00:00,0.40546408
2026-04-28 11:00:00,0.23540583
2026-04-28 12:00:00,0.07781702
2026-04-28 13:00:00,-0.034508973
2026-04-28 14:00:00,0.009220775
2026-04-28 15:00:00,0.18887424
2026-04-28 16:00:00,0.38433668
2026-04-28 17:00:00,0.6001363
2026-04-28 18:00:00,0.7782547
2026-04-28 19:00:00,0.82728493
2026-04-28 20:00:00,0.7056097
2026-04-28 21:00:00,0.54764104
2026-04-28 22:00:00,0.36727765
2026-04-28 23:00:00,0.18289961
2026-04-29 00:00:00,0.009088812
2026-04-29 01:00:00,-0.127202
2026-04-29 02:00:00,-0.16591938
2026-04-29 03:00:00,-0.00057408394
2026-04-29 04:00:00,0.20223637
2026-04-29 05:00:00,0.42997265
2026-04-29 06:00:00,0.66738063
2026-04-29 07:00:00,0.81970894
2026-04-29 08:00:00,0.80741864
2026-04-29 09:00:00,0.66386867
2026-04-29 10:00:00,0.50286734
2026-04-29 11:00:00,0.32125908
2026-04-29 12:00:00,0.14147158
2026-04-29 13:00:00,-0.007827661
2026-04-29 14:00:00,-0.0894159
2026-04-29 15:00:00,0.025845997
2026-04-29 16:00:00,0.20712648
2026-04-29 17:00:00,0.42434427
2026-04-29 18:00:00,0.6382559
